station_id,date,tx,tn,tm,pp,eto
87480,1983-01-01,35.2,21.1,27.8,1.4,6.5
87480,1983-01-02,28.4,24.2,27,0,2.2
87480,1983-01-03,29.8,22.5,25.8,0,6.9
87480,1983-01-04,31.3,18.8,25.2,0.8,5.8
87480,1983-01-05,30.4,18.3,25.2,0,6.9
87480,1983-01-06,29.5,21.5,26.1,0,7.7
87480,1983-01-07,31.8,20,26.8,0,6.2
87480,1983-01-08,32.8,20.9,27.2,0,6
87480,1983-01-09,33,23.5,27.8,0,7.4
87480,1983-01-10,32,22.8,27.4,0,3.7
87480,1983-01-11,33.3,22,27.9,0,4.3
87480,1983-01-12,32.8,24,28,3.8,5.7
87480,1983-01-13,27.9,20.6,23.9,0.2,2.6
87480,1983-01-14,32.7,18.2,25.6,0,5.7
87480,1983-01-15,31.8,19.2,24.9,0,5.2
87480,1983-01-16,28.8,18.5,23.3,0,4.8
87480,1983-01-17,27.1,21.4,23.6,5.2,2.1
87480,1983-01-18,28,20.2,22.6,1,5.5
87480,1983-01-19,29.5,17.8,23.9,0,5.7
87480,1983-01-20,34.3,17,26,0,6.2
87480,1983-01-21,37,18.9,29.1,0,7.6
87480,1983-01-22,37.6,19,29.8,0,8.3
87480,1983-01-23,36.9,22.4,27.3,1,4.2
87480,1983-01-24,32.8,21.6,27.1,0,5
87480,1983-01-25,34.1,21,25,3,3.8
87480,1983-01-26,30.7,18.5,24.4,0,5.9
87480,1983-01-27,32.6,19.8,26.6,0,6
87480,1983-01-28,32.7,24.4,28.5,0,7
87480,1983-01-29,35,21.6,28.4,10.5,3.5
87480,1983-01-30,29.7,20.5,24.4,1,4.5
87480,1983-01-31,27,16.6,21.2,0,5.8
87480,1983-02-01,24.4,14,19.3,0,5.4
87480,1983-02-02,28.2,10.9,21.8,0,6.4
87480,1983-02-03,28.5,14,23.3,0,5.3
87480,1983-02-04,30.5,14.9,24.3,0,4.3
87480,1983-02-05,32.2,19.5,26.6,0,3.6
87480,1983-02-06,31.7,22,26.6,0,3.3
87480,1983-02-07,33,20.3,28.1,0,5.3
87480,1983-02-08,35.5,19.6,27.3,0,6.5
87480,1983-02-09,38.2,21.8,28.5,0,8.7
87480,1983-02-10,26.2,17.3,21.3,6.2,2.2
87480,1983-02-11,31.3,19.5,23.7,0,3.6
87480,1983-02-12,25.2,10,17.2,0,3.1
87480,1983-02-13,25,15.9,20.5,0,3
87480,1983-02-14,23.6,19.4,21.2,34.6,1.5
87480,1983-02-15,25.7,17.5,20.1,0,4.2
87480,1983-02-16,28,12.8,20.2,0,5.6
87480,1983-02-17,28.5,13,21.7,0,5.6
87480,1983-02-18,32.5,18.7,26.4,0,6.3
87480,1983-02-19,34.7,21.5,27.9,2.4,6.2
87480,1983-02-20,28.4,19.8,22.7,31.9,2.4
87480,1983-02-21,27.7,17.6,22.6,0,4.6
87480,1983-02-22,28.4,19.5,24.1,0,4.7
87480,1983-02-23,32.7,23.2,26.6,5.3,4.9
87480,1983-02-24,27.5,18.8,23.6,52,1.9
87480,1983-02-25,25.2,20.3,22.4,4,3.1
87480,1983-02-26,22.6,15,17.9,3.7,2.6
87480,1983-02-27,24.2,13.8,18.9,0,3
87480,1983-02-28,26.2,12.4,19.9,0,4.3
87480,1983-03-01,27.3,18,21.5,2,2.3
87480,1983-03-02,23.7,11.1,17.4,0,3.7
87480,1983-03-03,27.6,13.2,20.7,0,4.5
87480,1983-03-04,29.6,14.8,23.1,0,4.5
87480,1983-03-05,30.6,17.7,23.9,0,3.8
87480,1983-03-06,29.4,16.5,23.7,0,4.9
87480,1983-03-07,30.8,21.8,25.3,0,5.3
87480,1983-03-08,31.2,21.5,26.4,0,5.6
87480,1983-03-09,27,19,23.8,3.9,4.2
87480,1983-03-10,20.3,16.3,17.4,4.4,1.5
87480,1983-03-11,23.7,11.4,17.3,0,3.5
87480,1983-03-12,27.3,13,19.5,0,2.1
87480,1983-03-13,22.8,16.8,19.6,0,3.3
87480,1983-03-14,26.9,15.8,22.1,0,4.3
87480,1983-03-15,28.1,19.4,23.8,21.8,3.6
87480,1983-03-16,27.1,16.9,22.6,0,4.2
87480,1983-03-17,24.5,13.2,17.7,0,3.8
87480,1983-03-18,22.7,5.4,14.2,0,3.6
87480,1983-03-19,22.8,9.1,17.6,0,3.6
87480,1983-03-20,26.7,11.7,19.8,0,4.2
87480,1983-03-21,27.2,13.1,20.4,0,5.5
87480,1983-03-22,25.2,14,20.1,0,4
87480,1983-03-23,26.8,18.1,22.5,0,3.7
87480,1983-03-24,28.5,20.2,23.5,0,3.6
87480,1983-03-25,30,20.6,24.4,0,4.4
87480,1983-03-26,29.6,19.6,24.1,0,4.3
87480,1983-03-27,24,16.6,19.7,1,2.5
87480,1983-03-28,22.6,10.3,17,0,2.3
87480,1983-03-29,23.2,11.4,18.7,0.1,3.4
87480,1983-03-30,21.3,18,19.4,11,1.2
87480,1983-03-31,25,17,20.9,0,1.2
87480,1983-04-01,22.7,17.6,20.1,2.8,1.2
87480,1983-04-02,27.1,19,22.5,19.7,1.4
87480,1983-04-03,22.4,12,16.4,0,2.9
87480,1983-04-04,21.9,7.3,13.5,0,2.2
87480,1983-04-05,24.5,6.7,15.7,0,3
87480,1983-04-06,27.5,10,18.3,0,4.3
87480,1983-04-07,30,11.8,19.6,0,4.4
87480,1983-04-08,28,11.6,19.3,0,3.8
87480,1983-04-09,26.9,16.9,21.1,0,3.3
87480,1983-04-10,27,12.4,20.4,0,3.4
87480,1983-04-11,28.1,13.4,20.8,0,3.8
87480,1983-04-12,31,19.5,24.4,0,4.8
87480,1983-04-13,24.6,9.8,16.9,1.6,3.3
87480,1983-04-14,21.6,13.4,15.7,0,2.4
87480,1983-04-15,22.7,10.2,17.6,1.7,2.7
87480,1983-04-16,21.5,15.6,18.2,0.5,1.5
87480,1983-04-17,20.2,16,18,0.3,1.6
87480,1983-04-18,22.9,14.4,16.6,0,3.2
87480,1983-04-19,21,7.8,13.6,0,1.6
87480,1983-04-20,18.9,8.6,13.9,0,1
87480,1983-04-21,18.5,5.9,11.3,0,1.9
87480,1983-04-22,19.7,5.2,12.7,0,2.8
87480,1983-04-23,19.2,6.7,13.7,0,1.2
87480,1983-04-24,21,5.4,13.7,0,1.4
87480,1983-04-25,24.2,5.8,14.3,0,2.1
87480,1983-04-26,24.6,7.8,16.4,0,3.6
87480,1983-04-27,25.5,11.5,18,0,2.1
87480,1983-04-28,25.8,14.2,18.7,1.1,2
87480,1983-04-29,21.2,9.9,13.7,0,2.8
87480,1983-04-30,18.5,3.8,11.2,0,1.2
87480,1983-05-01,18.6,9.5,14.8,0,1.3
87480,1983-05-02,21.3,16,17.8,5.1,1.3
87480,1983-05-03,21.7,17.2,19.4,2.5,1
87480,1983-05-04,21.9,12.8,17.2,0,2.6
87480,1983-05-05,18,7.5,11.5,0,2.3
87480,1983-05-06,17.8,4,11.6,0,1.7
87480,1983-05-07,20.5,8,14.8,0,1.1
87480,1983-05-08,19.9,7.6,12.8,0,1.9
87480,1983-05-09,19,6.8,13.7,0,1.7
87480,1983-05-10,17.7,14.5,16,0,1.8
87480,1983-05-11,19.3,9.4,13.4,0,1.4
87480,1983-05-12,20.6,2.9,10.8,0,2.4
87480,1983-05-13,21.4,3,11.6,0,3
87480,1983-05-14,21.2,4.8,14.1,6,1.8
87480,1983-05-15,20.8,15.7,17.6,0.7,0.6
87480,1983-05-16,19.4,12.8,15.9,2.2,1.9
87480,1983-05-17,19.2,7.4,12.6,0,1.3
87480,1983-05-18,19.6,10.8,16.6,0,1.1
87480,1983-05-19,19.5,10.1,13.8,20.1,1.2
87480,1983-05-20,15.2,9.8,13.3,1.8,0.9
87480,1983-05-21,19.7,11,14.6,0,0.8
87480,1983-05-22,17.4,13.2,15.4,0.5,0.7
87480,1983-05-23,16.2,12.6,14.1,4,0.7
87480,1983-05-24,16.7,5.6,10.6,0,1.3
87480,1983-05-25,18.3,4.8,12.9,0,1.2
87480,1983-05-26,16.5,12,14.4,0.6,0.6
87480,1983-05-27,16.9,12.3,14.2,10.3,0.8
87480,1983-05-28,15,4.8,8.2,0,1.6
87480,1983-05-29,16.2,-0.2,7.8,1.2,1.5
87480,1983-05-30,10.7,5.8,6.9,0,1.3
87480,1983-05-31,11.2,3.9,8.2,0,1.3
87480,1983-06-01,13.2,2.8,7.5,0.2,1.4
87480,1983-06-02,9.8,5.8,7.6,19.2,0.6
87480,1983-06-03,10.3,4.2,6.2,0,1.2
87480,1983-06-04,10.8,0,4.3,0,1.2
87480,1983-06-05,13.2,-2.9,4,0,1.2
87480,1983-06-06,17,-0.6,7,0,1.2
87480,1983-06-07,15.4,0.1,7.1,0,1.7
87480,1983-06-08,15.2,1,7.1,0,1.3
87480,1983-06-09,14,4.8,7.6,0,1.1
87480,1983-06-10,12.8,-1,4.5,0,1.2
87480,1983-06-11,12.6,2,6.7,0,0.9
87480,1983-06-12,9.9,4.9,7.3,5.8,0.4
87480,1983-06-13,11,5.9,8.6,4,0.5
87480,1983-06-14,11.7,4.2,7.9,0,1
87480,1983-06-15,13.6,0.8,6.1,0,1.8
87480,1983-06-16,14.7,5,10.5,0,1.6
87480,1983-06-17,19,7.1,14.1,0,2.1
87480,1983-06-18,21,10.6,16.3,0.1,1.1
87480,1983-06-19,15,12.6,14.1,0.3,0.8
87480,1983-06-20,18,11.5,13.8,0,0.9
87480,1983-06-21,14.2,12,13,0,0.2
87480,1983-06-22,14.8,9,11.5,0,1.4
87480,1983-06-23,14.2,0.4,6.9,0,1.4
87480,1983-06-24,16.4,-2.6,5.3,0,1.5
87480,1983-06-25,17.1,-0.5,6.8,0,1.2
87480,1983-06-26,16,0.4,6.5,0,1.4
87480,1983-06-27,18.6,-1.4,7,0,1
87480,1983-06-28,18.4,-1,6.8,0,1.1
87480,1983-06-29,13.8,0.2,6.3,0,1.4
87480,1983-06-30,15.7,2,8.3,0,0.6
87480,1983-07-01,14.4,2,8.4,0,1.5
87480,1983-07-02,20,7.9,13.2,0,1.8
87480,1983-07-03,17.1,0.6,8.6,0,1.4
87480,1983-07-04,19.7,5.5,13.3,0,1.5
87480,1983-07-05,19.8,8.8,12.6,0,1.8
87480,1983-07-06,16.7,3.5,10.1,0,1.9
87480,1983-07-07,13.7,9.4,12.6,0.8,1.2
87480,1983-07-08,11.2,6.1,8,0,1.3
87480,1983-07-09,11.3,3.1,7.3,0,1
87480,1983-07-10,13.9,-1,5.9,0,1.1
87480,1983-07-11,14.5,-0.8,5.8,0,1.8
87480,1983-07-12,15.2,-2.2,5.7,0,2.4
87480,1983-07-13,13.5,2.4,9.7,0,1.3
87480,1983-07-14,16.8,9,11.4,0,1.1
87480,1983-07-15,15.9,3,8.3,0,2.3
87480,1983-07-16,13.8,-1.8,5.2,0,0.8
87480,1983-07-17,12.2,-1.9,4.4,0,1.2
87480,1983-07-18,14.5,-1.5,5.4,0,1.1
87480,1983-07-19,15.2,-2,6.8,0,1.2
87480,1983-07-20,15.5,-1,7.3,0,0.8
87480,1983-07-21,18.5,-1.2,6.9,0,0.7
87480,1983-07-22,15.7,1.3,7.5,0,1.4
87480,1983-07-23,16.5,3.2,9,0.3,1.2
87480,1983-07-24,10.9,6.3,8.2,1,1.4
87480,1983-07-25,12.5,3.2,6.8,0,1.2
87480,1983-07-26,14,-0.8,5.9,0,1.4
87480,1983-07-27,13.6,2.9,8.2,0,1.1
87480,1983-07-28,16.6,9.4,12.3,0,1.6
87480,1983-07-29,13.7,-1.3,5.3,0,1.5
87480,1983-07-30,14.2,-6,3.5,0,1.4
87480,1983-07-31,10.8,-3.8,3.6,0,1.2
87480,1983-08-01,13.2,-2,5.5,0,1.2
87480,1983-08-02,14.8,-3,5.3,0,1.8
87480,1983-08-03,15.5,0.3,7.7,0,2.3
87480,1983-08-04,18.3,7,13.2,0,1.5
87480,1983-08-05,21.4,11.9,15.9,0,2.2
87480,1983-08-06,21.6,10.2,14.3,0,1.9
87480,1983-08-07,14,7,10.2,18.8,1.1
87480,1983-08-08,12,5,7.6,0,1.7
87480,1983-08-09,11.8,2,8.2,0,1.1
87480,1983-08-10,12,9.6,10.8,0.2,1
87480,1983-08-11,13.5,4,8.1,0.5,1.6
87480,1983-08-12,14,9.8,11.8,0.2,1.9
87480,1983-08-13,16.7,3.7,9.2,0,1.7
87480,1983-08-14,18.2,5.5,12.2,0,1.8
87480,1983-08-15,14.3,1.3,7.6,0,2.4
87480,1983-08-16,14.4,-4.1,5.1,0,2
87480,1983-08-17,15.9,-3.4,5.7,0,2.6
87480,1983-08-18,21.4,0.1,10,0,2.9
87480,1983-08-19,16.5,1.2,8.3,0,1.9
87480,1983-08-20,13,0,6.5,0,1.8
87480,1983-08-21,16.3,6.9,11.9,0,2.1
87480,1983-08-22,17.7,7.8,13,0,2.3
87480,1983-08-23,23.2,9.2,16.3,0,2.7
87480,1983-08-24,26.8,14.1,19.2,0,0.9
87480,1983-08-25,27.5,12,18.5,4.6,1.1
87480,1983-08-26,16.2,12.5,14.4,5,0.9
87480,1983-08-27,18.2,13.8,15.9,29.5,1.8
87480,1983-08-28,18,15.5,16.8,4.4,2.1
87480,1983-08-29,15.6,10.6,13.2,0,2.1
87480,1983-08-30,11.8,7.8,9.7,0,2
87480,1983-08-31,13.3,8,9.6,0,2.3
87480,1983-09-01,18.3,0.7,9.3,0,2.8
87480,1983-09-02,20.3,4.2,11.9,0,4.3
87480,1983-09-03,21.2,4.7,12.4,0,2.7
87480,1983-09-04,21.5,9,15.4,0,4.2
87480,1983-09-05,19.3,7.9,14.7,0,3.8
87480,1983-09-06,16.5,8,11.8,0,3.7
87480,1983-09-07,14.4,0.8,6.7,0,3.4
87480,1983-09-08,14.9,-4.8,6.1,0,1.9
87480,1983-09-09,19.7,-0.2,9.2,0,3.8
87480,1983-09-10,16.2,2.7,10.3,0,2.5
87480,1983-09-11,13.5,6.2,9.8,0,1.8
87480,1983-09-12,17,0,10.3,0,2.7
87480,1983-09-13,20.6,2.5,12.1,0,3.3
87480,1983-09-14,20.5,7.8,14.9,0,2
87480,1983-09-15,20.1,7.9,14.4,0,3
87480,1983-09-16,20.7,2.6,13.4,1.4,3.3
87480,1983-09-17,15.4,11.4,12.8,20,2.6
87480,1983-09-18,17.7,6.4,10.8,0,3.1
87480,1983-09-19,18.7,2.1,10.7,0,2.2
87480,1983-09-20,19.3,2.7,12.6,0,4.1
87480,1983-09-21,21.3,8.4,14.5,0,4
87480,1983-09-22,22.2,8.2,15.2,0,3.3
87480,1983-09-23,24.1,5.9,14.8,0,2.7
87480,1983-09-24,25.1,10.6,19.3,0,4.9
87480,1983-09-25,27.6,14.8,21.2,0,2.4
87480,1983-09-26,29.8,16.6,21.2,8.7,6
87480,1983-09-27,17.7,14.2,15.3,1.3,5.7
87480,1983-09-28,14.8,10,11.4,1.1,3.4
87480,1983-09-29,16.3,5.4,10.6,0,2.9
87480,1983-09-30,17.1,0.9,10.3,0,3.4
87480,1983-10-01,22.6,2,13.7,0,5
87480,1983-10-02,23.4,6,15.5,0,5.8
87480,1983-10-03,25.7,10.2,18,0,6.2
87480,1983-10-04,27.7,8.5,20.3,0,4.4
87480,1983-10-05,27.3,15.2,20.7,0,4.3
87480,1983-10-06,33.8,19.9,26.1,0,7.3
87480,1983-10-07,31.8,20,26.6,0,5.3
87480,1983-10-08,31.9,22.6,26.1,0,5.3
87480,1983-10-09,24.3,14.3,20,0,4.2
87480,1983-10-10,20.2,15.1,16.9,0,4.5
87480,1983-10-11,20.1,5.3,15,0,3.4
87480,1983-10-12,24.6,13.1,19.2,0,2.3
87480,1983-10-13,31.2,18,23.9,49,6.4
87480,1983-10-14,25,15,19.1,1,4.9
87480,1983-10-15,22.2,18.5,20.3,31.5,4.5
87480,1983-10-16,22.3,17.1,19.3,0,3.4
87480,1983-10-17,23.9,11,17.5,0,3.4
87480,1983-10-18,23.8,11.7,18.5,0,4.5
87480,1983-10-19,22.2,14.7,18.1,0.5,4.6
87480,1983-10-20,25,13,19.6,4,5.3
87480,1983-10-21,24.1,13.5,19.4,0.3,4.8
87480,1983-10-22,19.6,12,16.2,0,5.2
87480,1983-10-23,17.6,4.5,11.8,0,3.6
87480,1983-10-24,21.3,8.7,15.6,0,4.3
87480,1983-10-25,22.9,13.1,17.2,0,4.6
87480,1983-10-26,25.6,13.5,19.8,0,4.5
87480,1983-10-27,29.5,15,23.3,36.8,5.3
87480,1983-10-28,25.3,15.6,19.7,0,2.3
87480,1983-10-29,25.4,15.5,20.5,0,3.9
87480,1983-10-30,26,12.2,20.5,0,4.3
87480,1983-10-31,28.6,16,20.7,0,4.7
87480,1983-11-01,21.7,14.7,17.5,0,4.6
87480,1983-11-02,21.2,14.5,18.2,0,4.7
87480,1983-11-03,23.6,11.5,18.3,0,1.3
87480,1983-11-04,25.7,13.9,19,0,4.5
87480,1983-11-05,26.1,11.9,19.6,0,5.7
87480,1983-11-06,22.5,17.1,20,4.2,2.4
87480,1983-11-07,26.5,15.5,20.8,0,4.4
87480,1983-11-08,27.6,14.5,21.9,0,3.5
87480,1983-11-09,28.9,16.2,21.6,75.9,4.4
87480,1983-11-10,26.6,15.1,20.6,0,4.9
87480,1983-11-11,23.3,15.8,20.5,2.1,5
87480,1983-11-12,20.5,15,17.6,47.6,5
87480,1983-11-13,20.5,12.6,16.3,0,4.5
87480,1983-11-14,22,10.2,16.1,0,3.7
87480,1983-11-15,23.3,12,18.5,0,4.8
87480,1983-11-16,24,13.2,19.4,0.3,5.4
87480,1983-11-17,25.4,18,20.3,0,3.5
87480,1983-11-18,27.5,12.6,20.5,0,4.9
87480,1983-11-19,28,14.1,21.7,0,5.4
87480,1983-11-20,28.1,14.5,21.5,0,5.9
87480,1983-11-21,20.7,13.9,16.1,0,5.7
87480,1983-11-22,25.9,7.1,17.5,0,6.1
87480,1983-11-23,32.4,13.8,23.6,0,8.1
87480,1983-11-24,32.7,17.5,25.7,0,6.6
87480,1983-11-25,25.3,15,20.9,0,6.5
87480,1983-11-26,26.1,17.5,21.5,0,5.8
87480,1983-11-27,27.7,18,23.5,0,2.4
87480,1983-11-28,30.7,18,24.6,0,5.7
87480,1983-11-29,34.5,18.5,27.5,0,7.2
87480,1983-11-30,27.4,20.6,25.4,4.1,5.9
87480,1983-12-01,24.6,14.5,20.1,0,5.8
87480,1983-12-02,24.6,16,20.2,0,6.2
87480,1983-12-03,27.5,18,22.5,0,5.8
87480,1983-12-04,27.7,17.8,23.2,0,6.2
87480,1983-12-05,30.6,18.3,25.2,0,6.2
87480,1983-12-06,34.3,18.8,25.9,0,3.5
87480,1983-12-07,31.8,18.5,25.9,0,7.8
87480,1983-12-08,33.4,18.5,26.1,0.1,6.2
87480,1983-12-09,31,20.5,24.3,0.4,6.2
87480,1983-12-10,29.5,17.8,24.2,6,6.5
87480,1983-12-11,28.9,20.2,24.2,0,5.8
87480,1983-12-12,33,16.5,24.8,0,5.6
87480,1983-12-13,33.4,16.5,26.2,0,2.8
87480,1983-12-14,31.3,21.2,26.4,0,5
87480,1983-12-15,35.2,20.3,27.2,25.6,6.3
87480,1983-12-16,26.5,20.4,22.8,0,5.1
87480,1983-12-17,28.3,18.8,23.5,3,6.2
87480,1983-12-18,29.8,19.5,25.1,0,6.2
87480,1983-12-19,31.5,21,23.7,5.6,6.7
87480,1983-12-20,33,17.5,24.5,0,7.5
87480,1983-12-21,27.8,13.9,21.2,0,6.7
87480,1983-12-22,28.6,16,22.7,0,6.3
87480,1983-12-23,33,15.5,25.6,0,7
87480,1983-12-24,35.5,17.6,27.9,0,7.2
87480,1983-12-25,36.2,20,30,0,7.3
87480,1983-12-26,36,25.6,29.8,0,8.2
87480,1983-12-27,38.6,24,31.2,0,6.9
87480,1983-12-28,35.7,24.2,29.4,0,4.9
87480,1983-12-29,33,24,29.7,19.2,7.6
87480,1983-12-30,28.6,20,22.9,13,4.1
87480,1983-12-31,22.9,19.5,21,15.5,1.6
87480,1984-01-01,28.2,18.9,23.7,2,2.9
87480,1984-01-02,31.4,22.2,25.6,0.4,5.7
87480,1984-01-03,29.9,20.6,24.7,0,5.8
87480,1984-01-04,29.9,20.7,25.8,0,5.8
87480,1984-01-05,34.5,23.5,29.1,0,6.4
87480,1984-01-06,35.5,25.3,29,5.7,3.8
87480,1984-01-07,26.7,24,25.1,2.2,2.1
87480,1984-01-08,28.8,23.2,25.1,0,4.9
87480,1984-01-09,31.7,20.5,26.6,0.1,5.6
87480,1984-01-10,28.2,20,24.2,0,5
87480,1984-01-11,30.7,22.2,26.4,8.4,5.2
87480,1984-01-12,26.6,22.5,24.3,0,1
87480,1984-01-13,30.3,20.3,24.6,0,5.8
87480,1984-01-14,33.2,12.6,24,0,6
87480,1984-01-15,32.6,16.5,26.2,0,6.2
87480,1984-01-16,34.8,18.8,27.5,0,7
87480,1984-01-17,34.3,20.4,28.5,0,7.2
87480,1984-01-18,34.5,20,28.3,9.5,6.9
87480,1984-01-19,27.8,19,23.9,0.7,3.1
87480,1984-01-20,26.8,13.3,22,0,5.8
87480,1984-01-21,27.7,18.7,23.8,0,5.6
87480,1984-01-22,28.8,19.4,24.1,0,5.7
87480,1984-01-23,31.5,20.1,25.7,0,6
87480,1984-01-24,31.2,19.1,26.3,0,5.6
87480,1984-01-25,30.6,19,25.6,32.6,4.8
87480,1984-01-26,30,20.1,25.1,14.1,5.4
87480,1984-01-27,33.2,19.4,26.2,0,7.1
87480,1984-01-28,35.4,19.1,25.8,0,8.1
87480,1984-01-29,29.7,19,24.4,0,6.5
87480,1984-01-30,25.7,18,22.3,8.2,3.5
87480,1984-01-31,28,19.2,23.4,0,4.8
87480,1984-02-01,29.2,15.8,23.6,0,5.3
87480,1984-02-02,31.8,18.5,25.8,0,6.4
87480,1984-02-03,31.7,21,26.7,19,6
87480,1984-02-04,26.2,18.6,20.6,7,3.7
87480,1984-02-05,24.8,14,18.4,0,5.6
87480,1984-02-06,28.2,9.4,19.3,0,5.9
87480,1984-02-07,28.8,16.6,22.8,0,6.4
87480,1984-02-08,28.7,16.6,22.7,0,6
87480,1984-02-09,32,15.8,25,1.6,6.4
87480,1984-02-10,27.3,21.5,25,94.3,4.7
87480,1984-02-11,26.7,19.2,22.2,32.5,3.3
87480,1984-02-12,24.7,20.9,22.2,44.7,1.7
87480,1984-02-13,25.6,19,21.9,0,4.4
87480,1984-02-14,29.8,18.7,23.9,0,5.5
87480,1984-02-15,31,18.7,25.2,0,5.4
87480,1984-02-16,31.1,19.8,26,0,5.3
87480,1984-02-17,32.2,24.4,28,0,4.9
87480,1984-02-18,30,24.4,26.5,0,2.7
87480,1984-02-19,27.4,23.6,25,0,1.1
87480,1984-02-20,29.7,21.2,24.5,0.5,5.1
87480,1984-02-21,25.7,20.6,23.2,52.9,3.7
87480,1984-02-22,29.5,20.2,24.4,0.4,2.4
87480,1984-02-23,28.4,22.2,25.3,8.4,2.4
87480,1984-02-24,26.6,18.2,22.4,0.1,2.4
87480,1984-02-25,32.1,22.6,25.5,24.5,5.3
87480,1984-02-26,23.8,20.2,21.8,1.7,0.9
87480,1984-02-27,24,20,21.7,82.6,1.2
87480,1984-02-28,24.5,20.2,21.7,24,1.9
87480,1984-02-29,26.5,16.7,21.4,0,4.6
87480,1984-03-01,27.8,17.1,22.6,0,4.8
87480,1984-03-02,27.5,16.4,22.8,0,4.9
87480,1984-03-03,28.9,19.2,23.9,0,4.6
87480,1984-03-04,30.4,18.8,24.9,0,4.6
87480,1984-03-05,30.8,20.2,25.4,0.4,4.1
87480,1984-03-06,32.7,22.6,27,0,5.1
87480,1984-03-07,32,21.6,26.9,0.6,4.5
87480,1984-03-08,26.5,19.8,23.6,2.9,1.7
87480,1984-03-09,22.6,17.2,19.3,0,2.8
87480,1984-03-10,25.3,12.3,18.5,0,3.6
87480,1984-03-11,26.7,14.5,21,0,3.3
87480,1984-03-12,27.5,18,22.9,0,3.3
87480,1984-03-13,23,19.4,20.3,0.2,1.8
87480,1984-03-14,27.9,16.2,21.7,20,2.9
87480,1984-03-15,23,20,21.6,34,2.4
87480,1984-03-16,27.8,18.4,22.2,0,3.5
87480,1984-03-17,26.7,14.6,20.8,0,3.5
87480,1984-03-18,25.4,16.4,20.9,0,3.6
87480,1984-03-19,25.3,15.2,20.3,0,3
87480,1984-03-20,25.5,15.7,20.9,0,3.4
87480,1984-03-21,26.4,14.4,21.2,0,3.8
87480,1984-03-22,28.2,17.2,22.8,0,2.7
87480,1984-03-23,30.1,16.5,23.5,25.2,4.8
87480,1984-03-24,25.4,16.8,20.4,0,3.5
87480,1984-03-25,25.4,14.5,19.7,0,3.3
87480,1984-03-26,22,10.7,16.7,0,3
87480,1984-03-27,24.4,13.5,19.7,1.9,2.5
87480,1984-03-28,21.5,17.2,19.2,1.6,2.5
87480,1984-03-29,20.7,11,15.3,0,1.2
87480,1984-03-30,21.2,14.8,18,8,1.4
87480,1984-03-31,18.8,15.4,16.5,34.1,0.7
87480,1984-04-01,18.8,14.6,16.1,1,1.6
87480,1984-04-02,23.3,12.8,17.5,0,3.2
87480,1984-04-03,18.5,9.4,13,0,3.3
87480,1984-04-04,20.5,7.9,13.1,0,3.1
87480,1984-04-05,25.7,5.7,15.9,0,3.3
87480,1984-04-06,22.7,7.2,14.8,0,3.3
87480,1984-04-07,25.1,10.1,16.8,0,3.1
87480,1984-04-08,25.5,10.6,18,0,3.3
87480,1984-04-09,28.5,13.7,21.3,0,2.5
87480,1984-04-10,29.7,14.4,22.1,0,3.4
87480,1984-04-11,29.2,19,23.8,0,3.9
87480,1984-04-12,27.3,19,22.1,0,3.2
87480,1984-04-13,27.6,16.4,21.6,0,3.9
87480,1984-04-14,27.4,15,20.8,0,3
87480,1984-04-15,28,15,20.1,24.6,2.9
87480,1984-04-16,17,11.9,13.4,7,0.9
87480,1984-04-17,17.8,5.8,11.3,0,2.1
87480,1984-04-18,18.2,8.1,13.7,2.3,1.4
87480,1984-04-19,16.4,13.8,15.2,1.8,0.5
87480,1984-04-20,17.5,14,15.6,0.8,0.9
87480,1984-04-21,19.1,15.2,16.8,0.3,1.1
87480,1984-04-22,18.8,11.8,14.3,0,1.6
87480,1984-04-23,20.2,10,13.8,0,3.4
87480,1984-04-24,18,4.2,10.3,0,2
87480,1984-04-25,22.7,3.5,12.6,0,3
87480,1984-04-26,25.6,7,15.7,0,2.5
87480,1984-04-27,18.5,5.5,11.7,0,1.8
87480,1984-04-28,22.2,4.2,12.5,0,1.7
87480,1984-04-29,19.6,7.3,13.4,0,2
87480,1984-04-30,21,1.5,10.2,0,3.3
87480,1984-05-01,22.4,7.4,14.8,0,2.5
87480,1984-05-02,24.3,10.4,18.3,0,3.4
87480,1984-05-03,26.5,18,22,0.3,1.1
87480,1984-05-04,28.3,16.4,22.1,0,2
87480,1984-05-05,20.8,8.6,14.1,0,1.8
87480,1984-05-06,21,14,17.2,0,1.7
87480,1984-05-07,21.2,3.5,12.1,0,1.5
87480,1984-05-08,22.7,3.8,11.8,0,2.3
87480,1984-05-09,21,10.6,14.7,0,2.3
87480,1984-05-10,16.5,6.6,10.6,0,1.6
87480,1984-05-11,15.1,-0.8,7.1,0.5,1.5
87480,1984-05-12,12.7,2.5,7.4,0,1.5
87480,1984-05-13,14.2,-4.2,5.2,0,1.8
87480,1984-05-14,15.7,1.3,8.5,0,2.4
87480,1984-05-15,17.8,-3,5.5,0,2.1
87480,1984-05-16,18.8,1.4,9.8,0,2.1
87480,1984-05-17,21.5,3.6,12.8,0,2.7
87480,1984-05-18,20.9,6.5,14.4,0,1.9
87480,1984-05-19,17.4,2.9,10.2,0,1.5
87480,1984-05-20,20.6,8.8,14.8,0,1.3
87480,1984-05-21,19.7,15.2,17.1,0,0.7
87480,1984-05-22,22.2,13,16.9,0,1.2
87480,1984-05-23,17.2,9.8,16.5,0,0.3
87480,1984-05-24,16.8,11,14.2,0,0.3
87480,1984-05-25,20.7,15,17.4,0.8,0.5
87480,1984-05-26,23,16.3,18.8,6,0.5
87480,1984-05-27,19,15.6,17.3,40,0.4
87480,1984-05-28,19,10.7,14.8,4.2,3
87480,1984-05-29,13.4,4.8,8.7,0,3
87480,1984-05-30,16,2.7,8,0,1
87480,1984-05-31,18.8,4,12.8,0,1.5
87480,1984-06-01,18.9,9.5,13.9,0,3.5
87480,1984-06-02,15.9,5.9,11,0,2
87480,1984-06-03,14.5,-0.2,5.5,0,5.7
87480,1984-06-04,11.9,2,6.9,0,5.8
87480,1984-06-05,12.3,2,7.7,4.7,5.8
87480,1984-06-06,9,4.8,7,2.8,6.4
87480,1984-06-07,11,0,5.7,0,3.8
87480,1984-06-08,9.3,6,7.2,2,2.1
87480,1984-06-09,13.5,1.5,6.8,0,4.9
87480,1984-06-10,16.1,2.4,9.9,0,5.6
87480,1984-06-11,15.1,4.2,9.8,0,5
87480,1984-06-12,16.6,0,7.2,0,5.2
87480,1984-06-13,16,0.4,6.8,0,1
87480,1984-06-14,13.7,2.5,8.4,0,5.8
87480,1984-06-15,11.7,2,8.9,0,6
87480,1984-06-16,12.5,9.9,11.2,0,6.2
87480,1984-06-17,13.8,9,11.2,0,7
87480,1984-06-18,12.3,10.6,11.2,1.3,7.2
87480,1984-06-19,12.4,10.6,11.7,2.6,6.9
87480,1984-06-20,12.6,11.2,12.2,2,3.1
87480,1984-06-21,15.3,11.3,12.8,0.2,5.8
87480,1984-06-22,11.4,4,7.4,0,5.6
87480,1984-06-23,11.5,-0.8,5.3,0,5.7
87480,1984-06-24,14.8,7.2,10.1,0,6
87480,1984-06-25,9.1,3.3,7.1,0,5.6
87480,1984-06-26,8.7,3.2,5.9,0,4.8
87480,1984-06-27,10,-4.9,1.5,0,5.4
87480,1984-06-28,12.7,-3,4.4,0,7.1
87480,1984-06-29,15.4,0,7.5,0,8.1
87480,1984-06-30,18.5,1.8,12.8,0,6.5
